2022-05-01, 17:58:51, 800000000, 801000000, 1000000.00, 1, -8.13, -8.13
2022-05-01, 17:58:51, 801000000, 802000000, 1000000.00, 1, -7.13, -7.13
2022-05-01, 17:58:51, 802000000, 803000000, 1000000.00, 1, -7.19, -7.19
2022-05-01, 17:58:51, 803000000, 804000000, 1000000.00, 1, -9.76, -9.76
2022-05-01, 17:58:51, 804000000, 805000000, 1000000.00, 1, -9.34, -9.34
2022-05-01, 17:58:51, 805000000, 806000000, 1000000.00, 1, -4.85, -4.85
2022-05-01, 17:58:51, 806000000, 807000000, 1000000.00, 1, 12.10, 12.10
2022-05-01, 17:58:51, 807000000, 808000000, 1000000.00, 1, -5.82, -5.82
2022-05-01, 17:58:51, 808000000, 809000000, 1000000.00, 1, -8.42, -8.42
2022-05-01, 17:58:51, 809000000, 810000000, 1000000.00, 1, -10.98, -10.98
2022-05-01, 17:58:51, 810000000, 811000000, 1000000.00, 1, -10.73, -10.73
2022-05-01, 17:58:51, 811000000, 812000000, 1000000.00, 1, -9.98, -9.98
2022-05-01, 17:58:51, 812000000, 813000000, 1000000.00, 1, -11.14, -11.14
2022-05-01, 17:58:51, 813000000, 814000000, 1000000.00, 1, -10.64, -10.64
2022-05-01, 17:58:51, 814000000, 815000000, 1000000.00, 1, -11.44, -11.44
2022-05-01, 17:58:51, 815000000, 816000000, 1000000.00, 1, -11.24, -11.24
2022-05-01, 17:58:51, 816000000, 817000000, 1000000.00, 1, -10.17, -10.17
2022-05-01, 17:58:51, 817000000, 818000000, 1000000.00, 1, -10.60, -10.60
2022-05-01, 17:58:51, 818000000, 819000000, 1000000.00, 1, -10.45, -10.45
2022-05-01, 17:58:51, 819000000, 820000000, 1000000.00, 1, -6.88, -6.88
2022-05-01, 17:58:51, 820000000, 821000000, 1000000.00, 1, 11.32, 11.32
2022-05-01, 17:58:51, 821000000, 822000000, 1000000.00, 1, -9.59, -9.59
2022-05-01, 17:58:51, 822000000, 823000000, 1000000.00, 1, -9.68, -9.68
2022-05-01, 17:58:51, 823000000, 824000000, 1000000.00, 1, -9.43, -9.43
2022-05-01, 17:58:51, 824000000, 825000000, 1000000.00, 1, -10.24, -10.24
2022-05-01, 17:58:51, 825000000, 826000000, 1000000.00, 1, -10.51, -10.51
2022-05-01, 17:58:51, 826000000, 827000000, 1000000.00, 1, -11.36, -11.36
2022-05-01, 17:58:51, 827000000, 828000000, 1000000.00, 1, -11.37, -11.37
2022-05-01, 17:58:51, 828000000, 829000000, 1000000.00, 1, -11.61, -11.61
2022-05-01, 17:58:51, 829000000, 830000000, 1000000.00, 1, -11.40, -11.40
2022-05-01, 17:58:51, 830000000, 831000000, 1000000.00, 1, -11.34, -11.34
2022-05-01, 17:58:51, 831000000, 832000000, 1000000.00, 1, -10.58, -10.58
2022-05-01, 17:58:51, 832000000, 833000000, 1000000.00, 1, -10.67, -10.67
2022-05-01, 17:58:51, 833000000, 834000000, 1000000.00, 1, -9.80, -9.80
2022-05-01, 17:58:51, 834000000, 835000000, 1000000.00, 1, -8.97, -8.97
2022-05-01, 17:58:51, 835000000, 836000000, 1000000.00, 1, 12.69, 12.69
2022-05-01, 17:58:51, 836000000, 837000000, 1000000.00, 1, -7.53, -7.53
2022-05-01, 17:58:51, 837000000, 838000000, 1000000.00, 1, -9.41, -9.41
2022-05-01, 17:58:51, 838000000, 839000000, 1000000.00, 1, -11.12, -11.12
2022-05-01, 17:58:51, 839000000, 840000000, 1000000.00, 1, -8.94, -8.94
2022-05-01, 17:58:51, 840000000, 841000000, 1000000.00, 1, -10.36, -10.36
2022-05-01, 17:58:51, 841000000, 842000000, 1000000.00, 1, -11.16, -11.16
2022-05-01, 17:58:51, 842000000, 843000000, 1000000.00, 1, -11.58, -11.58
2022-05-01, 17:58:51, 843000000, 844000000, 1000000.00, 1, -11.57, -11.57
2022-05-01, 17:58:51, 844000000, 845000000, 1000000.00, 1, -11.22, -11.22
2022-05-01, 17:58:51, 845000000, 846000000, 1000000.00, 1, -11.54, -11.54
2022-05-01, 17:58:51, 846000000, 847000000, 1000000.00, 1, -12.72, -12.72
2022-05-01, 17:58:51, 847000000, 848000000, 1000000.00, 1, -11.31, -11.31
2022-05-01, 17:58:51, 848000000, 849000000, 1000000.00, 1, -8.15, -8.15
2022-05-01, 17:58:51, 849000000, 850000000, 1000000.00, 1, 8.81, 8.81
2022-05-01, 17:58:51, 850000000, 851000000, 1000000.00, 1, -8.79, -8.79
2022-05-01, 17:58:51, 851000000, 852000000, 1000000.00, 1, -12.15, -12.15
2022-05-01, 17:58:51, 852000000, 853000000, 1000000.00, 1, -12.98, -12.98
2022-05-01, 17:58:51, 853000000, 854000000, 1000000.00, 1, -12.21, -12.21
2022-05-01, 17:58:51, 854000000, 855000000, 1000000.00, 1, -12.66, -12.66
2022-05-01, 17:58:51, 855000000, 856000000, 1000000.00, 1, -13.47, -13.47
2022-05-01, 17:58:51, 856000000, 857000000, 1000000.00, 1, -13.64, -13.64
2022-05-01, 17:58:51, 857000000, 858000000, 1000000.00, 1, -14.43, -14.43
2022-05-01, 17:58:51, 858000000, 859000000, 1000000.00, 1, -14.73, -14.73
2022-05-01, 17:58:51, 859000000, 860000000, 1000000.00, 1, -13.81, -13.81
2022-05-01, 17:58:51, 860000000, 861000000, 1000000.00, 1, -13.41, -13.41
2022-05-01, 17:58:51, 861000000, 862000000, 1000000.00, 1, -12.82, -12.82
2022-05-01, 17:58:51, 862000000, 863000000, 1000000.00, 1, -7.80, -7.80
2022-05-01, 17:58:51, 863000000, 864000000, 1000000.00, 1, -0.20, -0.20
2022-05-01, 17:58:51, 864000000, 865000000, 1000000.00, 1, -0.27, -0.27
2022-05-01, 17:58:51, 865000000, 866000000, 1000000.00, 1, -8.98, -8.98
2022-05-01, 17:58:51, 866000000, 867000000, 1000000.00, 1, -11.49, -11.49
2022-05-01, 17:58:51, 867000000, 868000000, 1000000.00, 1, -13.24, -13.24
2022-05-01, 17:58:51, 868000000, 869000000, 1000000.00, 1, -12.39, -12.39
2022-05-01, 17:58:51, 869000000, 870000000, 1000000.00, 1, -14.78, -14.78
2022-05-01, 17:58:51, 870000000, 871000000, 1000000.00, 1, -14.93, -14.93
2022-05-01, 17:58:51, 871000000, 872000000, 1000000.00, 1, -14.11, -14.11
2022-05-01, 17:58:51, 872000000, 873000000, 1000000.00, 1, -14.60, -14.60
2022-05-01, 17:58:51, 873000000, 874000000, 1000000.00, 1, -14.05, -14.05
2022-05-01, 17:58:51, 874000000, 875000000, 1000000.00, 1, -12.78, -12.78
2022-05-01, 17:58:51, 875000000, 876000000, 1000000.00, 1, -13.45, -13.45
2022-05-01, 17:58:51, 876000000, 877000000, 1000000.00, 1, -12.39, -12.39
2022-05-01, 17:58:51, 877000000, 878000000, 1000000.00, 1, -8.51, -8.51
2022-05-01, 17:58:51, 878000000, 879000000, 1000000.00, 1, 8.88, 8.88
2022-05-01, 17:58:51, 879000000, 880000000, 1000000.00, 1, -9.22, -9.22
2022-05-01, 17:58:51, 880000000, 881000000, 1000000.00, 1, -9.28, -9.28
2022-05-01, 17:58:51, 881000000, 882000000, 1000000.00, 1, -7.52, -7.52
2022-05-01, 17:58:51, 882000000, 883000000, 1000000.00, 1, -4.67, -4.67
2022-05-01, 17:58:51, 883000000, 884000000, 1000000.00, 1, -5.62, -5.62
2022-05-01, 17:58:51, 884000000, 885000000, 1000000.00, 1, -6.91, -6.91
2022-05-01, 17:58:51, 885000000, 886000000, 1000000.00, 1, -7.52, -7.52
2022-05-01, 17:58:51, 886000000, 887000000, 1000000.00, 1, -9.12, -9.12
2022-05-01, 17:58:51, 887000000, 888000000, 1000000.00, 1, -10.73, -10.73
2022-05-01, 17:58:51, 888000000, 889000000, 1000000.00, 1, -9.65, -9.65
2022-05-01, 17:58:51, 889000000, 890000000, 1000000.00, 1, -13.65, -13.65
2022-05-01, 17:58:51, 890000000, 891000000, 1000000.00, 1, -12.99, -12.99
2022-05-01, 17:58:51, 891000000, 892000000, 1000000.00, 1, -8.65, -8.65
2022-05-01, 17:58:51, 892000000, 893000000, 1000000.00, 1, 12.63, 12.63
2022-05-01, 17:58:51, 893000000, 894000000, 1000000.00, 1, -12.08, -12.08
2022-05-01, 17:58:51, 894000000, 895000000, 1000000.00, 1, -12.46, -12.46
2022-05-01, 17:58:51, 895000000, 896000000, 1000000.00, 1, -11.56, -11.56
2022-05-01, 17:58:51, 896000000, 897000000, 1000000.00, 1, -11.99, -11.99
2022-05-01, 17:58:51, 897000000, 898000000, 1000000.00, 1, -14.24, -14.24
2022-05-01, 17:58:51, 898000000, 899000000, 1000000.00, 1, -15.13, -15.13
2022-05-01, 17:58:51, 899000000, 900000000, 1000000.00, 1, -15.31, -15.31
2022-05-01, 17:58:51, 900000000, 901000000, 1000000.00, 1, -14.85, -14.85
2022-05-01, 17:58:51, 901000000, 902000000, 1000000.00, 1, -14.53, -14.53
2022-05-01, 17:58:51, 902000000, 903000000, 1000000.00, 1, -13.87, -13.87
2022-05-01, 17:58:51, 903000000, 904000000, 1000000.00, 1, -12.05, -12.05
2022-05-01, 17:58:51, 904000000, 905000000, 1000000.00, 1, -13.31, -13.31
2022-05-01, 17:58:51, 905000000, 906000000, 1000000.00, 1, -12.45, -12.45
2022-05-01, 17:58:51, 906000000, 907000000, 1000000.00, 1, -11.77, -11.77
2022-05-01, 17:58:51, 907000000, 908000000, 1000000.00, 1, 9.59, 9.59
2022-05-01, 17:58:51, 908000000, 909000000, 1000000.00, 1, -8.44, -8.44
2022-05-01, 17:58:51, 909000000, 910000000, 1000000.00, 1, -11.17, -11.17
2022-05-01, 17:58:51, 910000000, 911000000, 1000000.00, 1, -13.94, -13.94
2022-05-01, 17:58:51, 911000000, 912000000, 1000000.00, 1, -11.71, -11.71
2022-05-01, 17:58:51, 912000000, 913000000, 1000000.00, 1, -14.35, -14.35
2022-05-01, 17:58:51, 913000000, 914000000, 1000000.00, 1, -14.45, -14.45
2022-05-01, 17:58:51, 914000000, 915000000, 1000000.00, 1, -14.00, -14.00
2022-05-01, 17:58:51, 915000000, 916000000, 1000000.00, 1, -14.43, -14.43
2022-05-01, 17:58:51, 916000000, 917000000, 1000000.00, 1, -13.41, -13.41
2022-05-01, 17:58:51, 917000000, 918000000, 1000000.00, 1, -12.49, -12.49
2022-05-01, 17:58:51, 918000000, 919000000, 1000000.00, 1, -13.92, -13.92
2022-05-01, 17:58:51, 919000000, 920000000, 1000000.00, 1, -11.99, -11.99
2022-05-01, 17:58:51, 920000000, 921000000, 1000000.00, 1, -7.42, -7.42
2022-05-01, 17:58:51, 921000000, 922000000, 1000000.00, 1, 10.67, 10.67
2022-05-01, 17:58:51, 922000000, 923000000, 1000000.00, 1, -7.33, -7.33
2022-05-01, 17:58:51, 923000000, 924000000, 1000000.00, 1, -12.71, -12.71
2022-05-01, 17:58:51, 924000000, 925000000, 1000000.00, 1, -13.70, -13.70
2022-05-01, 17:58:51, 925000000, 926000000, 1000000.00, 1, -13.11, -13.11
2022-05-01, 17:58:51, 926000000, 927000000, 1000000.00, 1, -13.68, -13.68
2022-05-01, 17:58:51, 927000000, 928000000, 1000000.00, 1, -14.82, -14.82
2022-05-01, 17:58:51, 928000000, 929000000, 1000000.00, 1, -14.00, -14.00
2022-05-01, 17:58:51, 929000000, 930000000, 1000000.00, 1, -14.73, -14.73
2022-05-01, 17:58:51, 930000000, 931000000, 1000000.00, 1, -15.02, -15.02
2022-05-01, 17:58:51, 931000000, 932000000, 1000000.00, 1, -12.10, -12.10
2022-05-01, 17:58:51, 932000000, 933000000, 1000000.00, 1, -13.18, -13.18
2022-05-01, 17:58:51, 933000000, 934000000, 1000000.00, 1, -12.22, -12.22
2022-05-01, 17:58:51, 934000000, 935000000, 1000000.00, 1, -7.58, -7.58
2022-05-01, 17:58:51, 935000000, 936000000, 1000000.00, 1, 3.53, 3.53
2022-05-01, 17:58:51, 936000000, 937000000, 1000000.00, 1, 3.50, 3.50
2022-05-01, 17:58:51, 937000000, 938000000, 1000000.00, 1, -7.80, -7.80
2022-05-01, 17:58:51, 938000000, 939000000, 1000000.00, 1, -10.92, -10.92
2022-05-01, 17:58:51, 939000000, 940000000, 1000000.00, 1, -13.53, -13.53
2022-05-01, 17:58:51, 940000000, 941000000, 1000000.00, 1, -12.71, -12.71
2022-05-01, 17:58:51, 941000000, 942000000, 1000000.00, 1, -14.88, -14.88
2022-05-01, 17:58:51, 942000000, 943000000, 1000000.00, 1, -15.32, -15.32
2022-05-01, 17:58:51, 943000000, 944000000, 1000000.00, 1, -14.52, -14.52
2022-05-01, 17:58:51, 944000000, 945000000, 1000000.00, 1, -14.46, -14.46
2022-05-01, 17:58:51, 945000000, 946000000, 1000000.00, 1, -13.17, -13.17
2022-05-01, 17:58:51, 946000000, 947000000, 1000000.00, 1, -11.78, -11.78
2022-05-01, 17:58:51, 947000000, 948000000, 1000000.00, 1, -12.67, -12.67
2022-05-01, 17:58:51, 948000000, 949000000, 1000000.00, 1, -12.09, -12.09
2022-05-01, 17:58:51, 949000000, 950000000, 1000000.00, 1, -8.21, -8.21
2022-05-01, 17:58:51, 950000000, 951000000, 1000000.00, 1, 8.88, 8.88
2022-05-01, 17:58:51, 951000000, 952000000, 1000000.00, 1, -9.34, -9.34
2022-05-01, 17:58:51, 952000000, 953000000, 1000000.00, 1, -10.96, -10.96
2022-05-01, 17:58:51, 953000000, 954000000, 1000000.00, 1, -11.81, -11.81
2022-05-01, 17:58:51, 954000000, 955000000, 1000000.00, 1, -9.00, -9.00
2022-05-01, 17:58:51, 955000000, 956000000, 1000000.00, 1, -7.63, -7.63
2022-05-01, 17:58:51, 956000000, 957000000, 1000000.00, 1, -7.02, -7.02
2022-05-01, 17:58:51, 957000000, 958000000, 1000000.00, 1, -6.23, -6.23
2022-05-01, 17:58:51, 958000000, 959000000, 1000000.00, 1, -5.14, -5.14
2022-05-01, 17:58:51, 959000000, 960000000, 1000000.00, 1, -3.44, -3.44
2022-05-01, 17:58:51, 960000000, 961000000, 1000000.00, 1, -3.52, -3.52
2022-05-01, 17:58:51, 961000000, 962000000, 1000000.00, 1, -4.59, -4.59
2022-05-01, 17:58:51, 962000000, 963000000, 1000000.00, 1, -4.89, -4.89
2022-05-01, 17:58:51, 963000000, 964000000, 1000000.00, 1, -3.62, -3.62
2022-05-01, 17:58:51, 964000000, 965000000, 1000000.00, 1, 9.88, 9.88
2022-05-01, 17:58:51, 965000000, 966000000, 1000000.00, 1, -5.86, -5.86
2022-05-01, 17:58:51, 966000000, 967000000, 1000000.00, 1, -6.82, -6.82
2022-05-01, 17:58:51, 967000000, 968000000, 1000000.00, 1, -6.73, -6.73
2022-05-01, 17:58:51, 968000000, 969000000, 1000000.00, 1, -7.72, -7.72
2022-05-01, 17:58:51, 969000000, 970000000, 1000000.00, 1, -9.13, -9.13
2022-05-01, 17:58:51, 970000000, 971000000, 1000000.00, 1, -11.22, -11.22
2022-05-01, 17:58:51, 971000000, 972000000, 1000000.00, 1, -12.44, -12.44
2022-05-01, 17:58:51, 972000000, 973000000, 1000000.00, 1, -13.93, -13.93
2022-05-01, 17:58:51, 973000000, 974000000, 1000000.00, 1, -14.24, -14.24
2022-05-01, 17:58:51, 974000000, 975000000, 1000000.00, 1, -14.15, -14.15
2022-05-01, 17:58:51, 975000000, 976000000, 1000000.00, 1, -12.28, -12.28
2022-05-01, 17:58:51, 976000000, 977000000, 1000000.00, 1, -13.85, -13.85
2022-05-01, 17:58:51, 977000000, 978000000, 1000000.00, 1, -12.57, -12.57
2022-05-01, 17:58:51, 978000000, 979000000, 1000000.00, 1, -12.24, -12.24
2022-05-01, 17:58:51, 979000000, 980000000, 1000000.00, 1, 5.39, 5.39
2022-05-01, 17:58:51, 980000000, 981000000, 1000000.00, 1, -9.39, -9.39
2022-05-01, 17:58:51, 981000000, 982000000, 1000000.00, 1, -12.30, -12.30
2022-05-01, 17:58:51, 982000000, 983000000, 1000000.00, 1, -16.21, -16.21
2022-05-01, 17:58:51, 983000000, 984000000, 1000000.00, 1, -13.47, -13.47
2022-05-01, 17:58:51, 984000000, 985000000, 1000000.00, 1, -16.76, -16.76
2022-05-01, 17:58:51, 985000000, 986000000, 1000000.00, 1, -15.58, -15.58
2022-05-01, 17:58:51, 986000000, 987000000, 1000000.00, 1, -15.78, -15.78
2022-05-01, 17:58:51, 987000000, 988000000, 1000000.00, 1, -16.38, -16.38
2022-05-01, 17:58:51, 988000000, 989000000, 1000000.00, 1, -14.39, -14.39
2022-05-01, 17:58:51, 989000000, 990000000, 1000000.00, 1, -14.26, -14.26
2022-05-01, 17:58:51, 990000000, 991000000, 1000000.00, 1, -16.30, -16.30
2022-05-01, 17:58:51, 991000000, 992000000, 1000000.00, 1, -13.59, -13.59
2022-05-01, 17:58:51, 992000000, 993000000, 1000000.00, 1, -8.64, -8.64
2022-05-01, 17:58:51, 993000000, 994000000, 1000000.00, 1, 8.68, 8.68
2022-05-01, 17:58:51, 994000000, 995000000, 1000000.00, 1, -9.06, -9.06
2022-05-01, 17:58:51, 995000000, 996000000, 1000000.00, 1, -15.08, -15.08
2022-05-01, 17:58:51, 996000000, 997000000, 1000000.00, 1, -15.97, -15.97
2022-05-01, 17:58:51, 997000000, 998000000, 1000000.00, 1, -14.96, -14.96
2022-05-01, 17:58:51, 998000000, 999000000, 1000000.00, 1, -15.06, -15.06
2022-05-01, 17:58:51, 999000000, 1000000000, 1000000.00, 1, -16.63, -16.63
2022-05-01, 17:58:51, 1000000000, 1001000000, 1000000.00, 1, -15.88, -15.88
2022-05-01, 17:58:51, 1001000000, 1002000000, 1000000.00, 1, -17.34, -17.34
2022-05-01, 17:58:51, 1002000000, 1003000000, 1000000.00, 1, -17.60, -17.60
2022-05-01, 17:58:51, 1003000000, 1004000000, 1000000.00, 1, -15.13, -15.13
2022-05-01, 17:58:51, 1004000000, 1005000000, 1000000.00, 1, -14.99, -14.99
2022-05-01, 17:58:51, 1005000000, 1006000000, 1000000.00, 1, -14.83, -14.83
2022-05-01, 17:58:51, 1006000000, 1007000000, 1000000.00, 1, -9.34, -9.34
2022-05-01, 17:58:51, 1007000000, 1008000000, 1000000.00, 1, -1.55, -1.55
2022-05-01, 17:58:51, 1008000000, 1009000000, 1000000.00, 1, -1.62, -1.62
2022-05-01, 17:58:51, 1009000000, 1010000000, 1000000.00, 1, -9.79, -9.79
2022-05-01, 17:58:51, 1010000000, 1011000000, 1000000.00, 1, -13.76, -13.76
2022-05-01, 17:58:51, 1011000000, 1012000000, 1000000.00, 1, -17.36, -17.36
2022-05-01, 17:58:51, 1012000000, 1013000000, 1000000.00, 1, -15.54, -15.54
2022-05-01, 17:58:51, 1013000000, 1014000000, 1000000.00, 1, -17.85, -17.85
2022-05-01, 17:58:51, 1014000000, 1015000000, 1000000.00, 1, -18.22, -18.22
2022-05-01, 17:58:51, 1015000000, 1016000000, 1000000.00, 1, -16.87, -16.87
2022-05-01, 17:58:51, 1016000000, 1017000000, 1000000.00, 1, -17.58, -17.58
2022-05-01, 17:58:51, 1017000000, 1018000000, 1000000.00, 1, -16.80, -16.80
2022-05-01, 17:58:51, 1018000000, 1019000000, 1000000.00, 1, -14.36, -14.36
2022-05-01, 17:58:51, 1019000000, 1020000000, 1000000.00, 1, -17.96, -17.96
2022-05-01, 17:58:51, 1020000000, 1021000000, 1000000.00, 1, -16.89, -16.89
2022-05-01, 17:58:51, 1021000000, 1022000000, 1000000.00, 1, -9.43, -9.43
2022-05-01, 17:58:51, 1022000000, 1023000000, 1000000.00, 1, 7.56, 7.56
2022-05-01, 17:58:51, 1023000000, 1024000000, 1000000.00, 1, -10.39, -10.39
2022-05-01, 17:58:51, 1024000000, 1025000000, 1000000.00, 1, -14.04, -14.04
2022-05-01, 17:58:51, 1025000000, 1026000000, 1000000.00, 1, -18.96, -18.96
2022-05-01, 17:58:51, 1026000000, 1027000000, 1000000.00, 1, -15.96, -15.96
2022-05-01, 17:58:51, 1027000000, 1028000000, 1000000.00, 1, -16.29, -16.29
2022-05-01, 17:58:51, 1028000000, 1029000000, 1000000.00, 1, -18.04, -18.04
2022-05-01, 17:58:51, 1029000000, 1030000000, 1000000.00, 1, -17.84, -17.84
2022-05-01, 17:58:51, 1030000000, 1031000000, 1000000.00, 1, -18.66, -18.66
2022-05-01, 17:58:51, 1031000000, 1032000000, 1000000.00, 1, -19.03, -19.03
2022-05-01, 17:58:51, 1032000000, 1033000000, 1000000.00, 1, -16.52, -16.52
2022-05-01, 17:58:51, 1033000000, 1034000000, 1000000.00, 1, -16.88, -16.88
2022-05-01, 17:58:51, 1034000000, 1035000000, 1000000.00, 1, -16.10, -16.10
2022-05-01, 17:58:51, 1035000000, 1036000000, 1000000.00, 1, -10.75, -10.75
2022-05-01, 17:58:51, 1036000000, 1037000000, 1000000.00, 1, 5.81, 5.81
2022-05-01, 17:58:51, 1037000000, 1038000000, 1000000.00, 1, -14.63, -14.63
2022-05-01, 17:58:51, 1038000000, 1039000000, 1000000.00, 1, -15.64, -15.64
2022-05-01, 17:58:51, 1039000000, 1040000000, 1000000.00, 1, -14.36, -14.36
2022-05-01, 17:58:51, 1040000000, 1041000000, 1000000.00, 1, -15.63, -15.63
2022-05-01, 17:58:51, 1041000000, 1042000000, 1000000.00, 1, -17.19, -17.19
2022-05-01, 17:58:51, 1042000000, 1043000000, 1000000.00, 1, -19.00, -19.00
2022-05-01, 17:58:51, 1043000000, 1044000000, 1000000.00, 1, -18.79, -18.79
2022-05-01, 17:58:51, 1044000000, 1045000000, 1000000.00, 1, -19.16, -19.16
2022-05-01, 17:58:51, 1045000000, 1046000000, 1000000.00, 1, -18.37, -18.37
2022-05-01, 17:58:51, 1046000000, 1047000000, 1000000.00, 1, -17.45, -17.45
2022-05-01, 17:58:51, 1047000000, 1048000000, 1000000.00, 1, -15.29, -15.29
2022-05-01, 17:58:51, 1048000000, 1049000000, 1000000.00, 1, -16.69, -16.69
2022-05-01, 17:58:51, 1049000000, 1050000000, 1000000.00, 1, -15.14, -15.14
2022-05-01, 17:58:51, 1050000000, 1051000000, 1000000.00, 1, -14.52, -14.52
2022-05-01, 17:58:51, 1051000000, 1052000000, 1000000.00, 1, 6.53, 6.53
2022-05-01, 17:58:51, 1052000000, 1053000000, 1000000.00, 1, -11.42, -11.42
2022-05-01, 17:58:51, 1053000000, 1054000000, 1000000.00, 1, -14.76, -14.76
2022-05-01, 17:58:51, 1054000000, 1055000000, 1000000.00, 1, -18.87, -18.87
2022-05-01, 17:58:51, 1055000000, 1056000000, 1000000.00, 1, -15.67, -15.67
2022-05-01, 17:58:51, 1056000000, 1057000000, 1000000.00, 1, -19.27, -19.27
2022-05-01, 17:58:51, 1057000000, 1058000000, 1000000.00, 1, -18.24, -18.24
2022-05-01, 17:58:51, 1058000000, 1059000000, 1000000.00, 1, -18.03, -18.03
2022-05-01, 17:58:51, 1059000000, 1060000000, 1000000.00, 1, -18.32, -18.32
2022-05-01, 17:58:51, 1060000000, 1061000000, 1000000.00, 1, -17.36, -17.36
2022-05-01, 17:58:51, 1061000000, 1062000000, 1000000.00, 1, -16.71, -16.71
2022-05-01, 17:58:51, 1062000000, 1063000000, 1000000.00, 1, -18.22, -18.22
2022-05-01, 17:58:51, 1063000000, 1064000000, 1000000.00, 1, -16.22, -16.22
2022-05-01, 17:58:51, 1064000000, 1065000000, 1000000.00, 1, -11.93, -11.93
2022-05-01, 17:58:51, 1065000000, 1066000000, 1000000.00, 1, 5.17, 5.17
2022-05-01, 17:58:51, 1066000000, 1067000000, 1000000.00, 1, -12.17, -12.17
2022-05-01, 17:58:51, 1067000000, 1068000000, 1000000.00, 1, -16.82, -16.82
2022-05-01, 17:58:51, 1068000000, 1069000000, 1000000.00, 1, -17.80, -17.80
2022-05-01, 17:58:51, 1069000000, 1070000000, 1000000.00, 1, -17.20, -17.20
2022-05-01, 17:58:51, 1070000000, 1071000000, 1000000.00, 1, -17.36, -17.36
2022-05-01, 17:58:51, 1071000000, 1072000000, 1000000.00, 1, -18.04, -18.04
2022-05-01, 17:58:51, 1072000000, 1073000000, 1000000.00, 1, -17.43, -17.43
2022-05-01, 17:58:51, 1073000000, 1074000000, 1000000.00, 1, -18.21, -18.21
2022-05-01, 17:58:51, 1074000000, 1075000000, 1000000.00, 1, -18.16, -18.16
2022-05-01, 17:58:51, 1075000000, 1076000000, 1000000.00, 1, -16.69, -16.69
2022-05-01, 17:58:51, 1076000000, 1077000000, 1000000.00, 1, -16.62, -16.62
2022-05-01, 17:58:51, 1077000000, 1078000000, 1000000.00, 1, -16.71, -16.71
2022-05-01, 17:58:51, 1078000000, 1079000000, 1000000.00, 1, -11.47, -11.47
2022-05-01, 17:58:51, 1079000000, 1080000000, 1000000.00, 1, -1.66, -1.66
2022-05-01, 17:58:51, 1080000000, 1081000000, 1000000.00, 1, -1.68, -1.68
2022-05-01, 17:58:51, 1081000000, 1082000000, 1000000.00, 1, -12.31, -12.31
2022-05-01, 17:58:51, 1082000000, 1083000000, 1000000.00, 1, -15.91, -15.91
2022-05-01, 17:58:51, 1083000000, 1084000000, 1000000.00, 1, -18.63, -18.63
2022-05-01, 17:58:51, 1084000000, 1085000000, 1000000.00, 1, -17.25, -17.25
2022-05-01, 17:58:51, 1085000000, 1086000000, 1000000.00, 1, -19.51, -19.51
2022-05-01, 17:58:51, 1086000000, 1087000000, 1000000.00, 1, -19.86, -19.86
2022-05-01, 17:58:51, 1087000000, 1088000000, 1000000.00, 1, -19.37, -19.37
2022-05-01, 17:58:51, 1088000000, 1089000000, 1000000.00, 1, -19.71, -19.71
2022-05-01, 17:58:51, 1089000000, 1090000000, 1000000.00, 1, -18.95, -18.95
2022-05-01, 17:58:51, 1090000000, 1091000000, 1000000.00, 1, -16.91, -16.91
2022-05-01, 17:58:51, 1091000000, 1092000000, 1000000.00, 1, -19.67, -19.67
2022-05-01, 17:58:51, 1092000000, 1093000000, 1000000.00, 1, -18.51, -18.51
2022-05-01, 17:58:51, 1093000000, 1094000000, 1000000.00, 1, -13.32, -13.32
2022-05-01, 17:58:51, 1094000000, 1095000000, 1000000.00, 1, 5.13, 5.13
2022-05-01, 17:58:51, 1095000000, 1096000000, 1000000.00, 1, -13.92, -13.92
2022-05-01, 17:58:51, 1096000000, 1097000000, 1000000.00, 1, -16.69, -16.69
2022-05-01, 17:58:51, 1097000000, 1098000000, 1000000.00, 1, -20.46, -20.46
2022-05-01, 17:58:51, 1098000000, 1099000000, 1000000.00, 1, -18.85, -18.85
2022-05-01, 17:58:51, 1099000000, 1100000000, 1000000.00, 1, -18.82, -18.82
2022-05-01, 17:58:51, 1100000000, 1101000000, 1000000.00, 1, -19.80, -19.80
2022-05-01, 17:58:51, 1101000000, 1102000000, 1000000.00, 1, -19.50, -19.50
2022-05-01, 17:58:51, 1102000000, 1103000000, 1000000.00, 1, -20.11, -20.11
2022-05-01, 17:58:51, 1103000000, 1104000000, 1000000.00, 1, -20.38, -20.38
2022-05-01, 17:58:51, 1104000000, 1105000000, 1000000.00, 1, -18.35, -18.35
2022-05-01, 17:58:51, 1105000000, 1106000000, 1000000.00, 1, -19.12, -19.12
2022-05-01, 17:58:51, 1106000000, 1107000000, 1000000.00, 1, -18.81, -18.81
2022-05-01, 17:58:51, 1107000000, 1108000000, 1000000.00, 1, -13.08, -13.08
2022-05-01, 17:58:51, 1108000000, 1109000000, 1000000.00, 1, 3.47, 3.47
2022-05-01, 17:58:51, 1109000000, 1110000000, 1000000.00, 1, -17.04, -17.04
2022-05-01, 17:58:51, 1110000000, 1111000000, 1000000.00, 1, -18.28, -18.28
2022-05-01, 17:58:51, 1111000000, 1112000000, 1000000.00, 1, -16.82, -16.82
2022-05-01, 17:58:51, 1112000000, 1113000000, 1000000.00, 1, -17.95, -17.95
2022-05-01, 17:58:51, 1113000000, 1114000000, 1000000.00, 1, -19.22, -19.22
2022-05-01, 17:58:51, 1114000000, 1115000000, 1000000.00, 1, -20.49, -20.49
2022-05-01, 17:58:51, 1115000000, 1116000000, 1000000.00, 1, -20.53, -20.53
2022-05-01, 17:58:51, 1116000000, 1117000000, 1000000.00, 1, -20.67, -20.67
2022-05-01, 17:58:51, 1117000000, 1118000000, 1000000.00, 1, -20.33, -20.33
2022-05-01, 17:58:51, 1118000000, 1119000000, 1000000.00, 1, -19.64, -19.64
2022-05-01, 17:58:51, 1119000000, 1120000000, 1000000.00, 1, -17.72, -17.72
2022-05-01, 17:58:51, 1120000000, 1121000000, 1000000.00, 1, -18.58, -18.58
2022-05-01, 17:58:51, 1121000000, 1122000000, 1000000.00, 1, -17.76, -17.76
2022-05-01, 17:58:51, 1122000000, 1123000000, 1000000.00, 1, -17.69, -17.69
2022-05-01, 17:58:51, 1123000000, 1124000000, 1000000.00, 1, 0.38, 0.38
2022-05-01, 17:58:51, 1124000000, 1125000000, 1000000.00, 1, -14.53, -14.53
2022-05-01, 17:58:51, 1125000000, 1126000000, 1000000.00, 1, -17.58, -17.58
2022-05-01, 17:58:51, 1126000000, 1127000000, 1000000.00, 1, -20.66, -20.66
2022-05-01, 17:58:51, 1127000000, 1128000000, 1000000.00, 1, -18.39, -18.39
2022-05-01, 17:58:51, 1128000000, 1129000000, 1000000.00, 1, -20.62, -20.62
2022-05-01, 17:58:51, 1129000000, 1130000000, 1000000.00, 1, -19.81, -19.81
2022-05-01, 17:58:51, 1130000000, 1131000000, 1000000.00, 1, -19.65, -19.65
2022-05-01, 17:58:51, 1131000000, 1132000000, 1000000.00, 1, -19.93, -19.93
2022-05-01, 17:58:51, 1132000000, 1133000000, 1000000.00, 1, -19.21, -19.21
2022-05-01, 17:58:51, 1133000000, 1134000000, 1000000.00, 1, -19.16, -19.16
2022-05-01, 17:58:51, 1134000000, 1135000000, 1000000.00, 1, -20.25, -20.25
2022-05-01, 17:58:51, 1135000000, 1136000000, 1000000.00, 1, -18.69, -18.69
2022-05-01, 17:58:51, 1136000000, 1137000000, 1000000.00, 1, -13.83, -13.83
2022-05-01, 17:58:51, 1137000000, 1138000000, 1000000.00, 1, 1.84, 1.84
2022-05-01, 17:58:51, 1138000000, 1139000000, 1000000.00, 1, -14.42, -14.42
2022-05-01, 17:58:51, 1139000000, 1140000000, 1000000.00, 1, -19.18, -19.18
2022-05-01, 17:58:51, 1140000000, 1141000000, 1000000.00, 1, -20.13, -20.13
2022-05-01, 17:58:51, 1141000000, 1142000000, 1000000.00, 1, -19.05, -19.05
2022-05-01, 17:58:51, 1142000000, 1143000000, 1000000.00, 1, -19.64, -19.64
2022-05-01, 17:58:51, 1143000000, 1144000000, 1000000.00, 1, -20.75, -20.75
2022-05-01, 17:58:51, 1144000000, 1145000000, 1000000.00, 1, -20.52, -20.52
2022-05-01, 17:58:51, 1145000000, 1146000000, 1000000.00, 1, -21.02, -21.02
2022-05-01, 17:58:51, 1146000000, 1147000000, 1000000.00, 1, -21.23, -21.23
2022-05-01, 17:58:51, 1147000000, 1148000000, 1000000.00, 1, -20.10, -20.10
2022-05-01, 17:58:51, 1148000000, 1149000000, 1000000.00, 1, -19.78, -19.78
2022-05-01, 17:58:51, 1149000000, 1150000000, 1000000.00, 1, -19.14, -19.14
2022-05-01, 17:58:51, 1150000000, 1151000000, 1000000.00, 1, -15.75, -15.75
2022-05-01, 17:58:51, 1151000000, 1152000000, 1000000.00, 1, -11.84, -11.84
2022-05-01, 17:58:51, 1152000000, 1153000000, 1000000.00, 1, -11.87, -11.87
2022-05-01, 17:58:51, 1153000000, 1154000000, 1000000.00, 1, -16.24, -16.24
2022-05-01, 17:58:51, 1154000000, 1155000000, 1000000.00, 1, -18.91, -18.91
2022-05-01, 17:58:51, 1155000000, 1156000000, 1000000.00, 1, -20.90, -20.90
2022-05-01, 17:58:51, 1156000000, 1157000000, 1000000.00, 1, -20.03, -20.03
2022-05-01, 17:58:51, 1157000000, 1158000000, 1000000.00, 1, -21.26, -21.26
2022-05-01, 17:58:51, 1158000000, 1159000000, 1000000.00, 1, -21.03, -21.03
2022-05-01, 17:58:51, 1159000000, 1160000000, 1000000.00, 1, -20.70, -20.70
2022-05-01, 17:58:51, 1160000000, 1161000000, 1000000.00, 1, -20.88, -20.88
2022-05-01, 17:58:51, 1161000000, 1162000000, 1000000.00, 1, -20.25, -20.25
2022-05-01, 17:58:51, 1162000000, 1163000000, 1000000.00, 1, -18.50, -18.50
2022-05-01, 17:58:51, 1163000000, 1164000000, 1000000.00, 1, -20.52, -20.52
2022-05-01, 17:58:51, 1164000000, 1165000000, 1000000.00, 1, -19.81, -19.81
2022-05-01, 17:58:51, 1165000000, 1166000000, 1000000.00, 1, -14.58, -14.58
2022-05-01, 17:58:51, 1166000000, 1167000000, 1000000.00, 1, 0.66, 0.66
2022-05-01, 17:58:51, 1167000000, 1168000000, 1000000.00, 1, -15.44, -15.44
2022-05-01, 17:58:51, 1168000000, 1169000000, 1000000.00, 1, -17.98, -17.98
2022-05-01, 17:58:51, 1169000000, 1170000000, 1000000.00, 1, -20.58, -20.58
2022-05-01, 17:58:51, 1170000000, 1171000000, 1000000.00, 1, -19.00, -19.00
2022-05-01, 17:58:51, 1171000000, 1172000000, 1000000.00, 1, -19.27, -19.27
2022-05-01, 17:58:51, 1172000000, 1173000000, 1000000.00, 1, -19.65, -19.65
2022-05-01, 17:58:51, 1173000000, 1174000000, 1000000.00, 1, -20.09, -20.09
2022-05-01, 17:58:51, 1174000000, 1175000000, 1000000.00, 1, -20.65, -20.65
2022-05-01, 17:58:51, 1175000000, 1176000000, 1000000.00, 1, -21.28, -21.28
2022-05-01, 17:58:51, 1176000000, 1177000000, 1000000.00, 1, -19.30, -19.30
2022-05-01, 17:58:51, 1177000000, 1178000000, 1000000.00, 1, -19.89, -19.89
2022-05-01, 17:58:51, 1178000000, 1179000000, 1000000.00, 1, -19.60, -19.60
2022-05-01, 17:58:51, 1179000000, 1180000000, 1000000.00, 1, -15.21, -15.21
2022-05-01, 17:58:51, 1180000000, 1181000000, 1000000.00, 1, 0.98, 0.98
2022-05-01, 17:58:51, 1181000000, 1182000000, 1000000.00, 1, -17.77, -17.77
2022-05-01, 17:58:51, 1182000000, 1183000000, 1000000.00, 1, -18.38, -18.38
2022-05-01, 17:58:51, 1183000000, 1184000000, 1000000.00, 1, -17.70, -17.70
2022-05-01, 17:58:51, 1184000000, 1185000000, 1000000.00, 1, -18.69, -18.69
2022-05-01, 17:58:51, 1185000000, 1186000000, 1000000.00, 1, -19.49, -19.49
2022-05-01, 17:58:51, 1186000000, 1187000000, 1000000.00, 1, -20.57, -20.57
2022-05-01, 17:58:51, 1187000000, 1188000000, 1000000.00, 1, -20.46, -20.46
2022-05-01, 17:58:51, 1188000000, 1189000000, 1000000.00, 1, -20.27, -20.27
2022-05-01, 17:58:51, 1189000000, 1190000000, 1000000.00, 1, -20.20, -20.20
2022-05-01, 17:58:51, 1190000000, 1191000000, 1000000.00, 1, -19.72, -19.72
2022-05-01, 17:58:51, 1191000000, 1192000000, 1000000.00, 1, -18.17, -18.17
2022-05-01, 17:58:51, 1192000000, 1193000000, 1000000.00, 1, -18.68, -18.68
2022-05-01, 17:58:51, 1193000000, 1194000000, 1000000.00, 1, -17.36, -17.36
2022-05-01, 17:58:51, 1194000000, 1195000000, 1000000.00, 1, -16.59, -16.59
2022-05-01, 17:58:51, 1195000000, 1196000000, 1000000.00, 1, 0.16, 0.16
2022-05-01, 17:58:51, 1196000000, 1197000000, 1000000.00, 1, -14.58, -14.58
2022-05-01, 17:58:51, 1197000000, 1198000000, 1000000.00, 1, -16.28, -16.28
2022-05-01, 17:58:51, 1198000000, 1199000000, 1000000.00, 1, -17.44, -17.44
2022-05-01, 17:58:51, 1199000000, 1200000000, 1000000.00, 1, -15.63, -15.63
