2022-08-31, 17:02:08, 800000000, 801000000, 1000000.00, 1, 0.72, 0.72
2022-08-31, 17:02:08, 801000000, 802000000, 1000000.00, 1, 0.20, 0.20
2022-08-31, 17:02:08, 802000000, 803000000, 1000000.00, 1, -4.83, -4.83
2022-08-31, 17:02:08, 803000000, 804000000, 1000000.00, 1, -12.61, -12.61
2022-08-31, 17:02:08, 804000000, 805000000, 1000000.00, 1, -12.03, -12.03
2022-08-31, 17:02:08, 805000000, 806000000, 1000000.00, 1, -7.84, -7.84
2022-08-31, 17:02:08, 806000000, 807000000, 1000000.00, 1, 11.09, 11.09
2022-08-31, 17:02:08, 807000000, 808000000, 1000000.00, 1, -8.67, -8.67
2022-08-31, 17:02:08, 808000000, 809000000, 1000000.00, 1, -10.80, -10.80
2022-08-31, 17:02:08, 809000000, 810000000, 1000000.00, 1, -12.94, -12.94
2022-08-31, 17:02:08, 810000000, 811000000, 1000000.00, 1, -8.91, -8.91
2022-08-31, 17:02:08, 811000000, 812000000, 1000000.00, 1, -12.31, -12.31
2022-08-31, 17:02:08, 812000000, 813000000, 1000000.00, 1, -12.95, -12.95
2022-08-31, 17:02:08, 813000000, 814000000, 1000000.00, 1, -12.78, -12.78
2022-08-31, 17:02:08, 814000000, 815000000, 1000000.00, 1, -13.09, -13.09
2022-08-31, 17:02:08, 815000000, 816000000, 1000000.00, 1, -13.30, -13.30
2022-08-31, 17:02:08, 816000000, 817000000, 1000000.00, 1, -10.60, -10.60
2022-08-31, 17:02:08, 817000000, 818000000, 1000000.00, 1, -12.72, -12.72
2022-08-31, 17:02:08, 818000000, 819000000, 1000000.00, 1, -11.61, -11.61
2022-08-31, 17:02:08, 819000000, 820000000, 1000000.00, 1, -9.00, -9.00
2022-08-31, 17:02:08, 820000000, 821000000, 1000000.00, 1, 9.35, 9.35
2022-08-31, 17:02:08, 821000000, 822000000, 1000000.00, 1, -11.72, -11.72
2022-08-31, 17:02:08, 822000000, 823000000, 1000000.00, 1, -11.30, -11.30
2022-08-31, 17:02:08, 823000000, 824000000, 1000000.00, 1, -10.90, -10.90
2022-08-31, 17:02:08, 824000000, 825000000, 1000000.00, 1, -11.13, -11.13
2022-08-31, 17:02:08, 825000000, 826000000, 1000000.00, 1, -13.26, -13.26
2022-08-31, 17:02:08, 826000000, 827000000, 1000000.00, 1, -13.66, -13.66
2022-08-31, 17:02:08, 827000000, 828000000, 1000000.00, 1, -13.65, -13.65
2022-08-31, 17:02:08, 828000000, 829000000, 1000000.00, 1, -14.12, -14.12
2022-08-31, 17:02:08, 829000000, 830000000, 1000000.00, 1, -13.57, -13.57
2022-08-31, 17:02:08, 830000000, 831000000, 1000000.00, 1, -13.20, -13.20
2022-08-31, 17:02:08, 831000000, 832000000, 1000000.00, 1, -10.09, -10.09
2022-08-31, 17:02:08, 832000000, 833000000, 1000000.00, 1, -12.88, -12.88
2022-08-31, 17:02:08, 833000000, 834000000, 1000000.00, 1, -12.07, -12.07
2022-08-31, 17:02:08, 834000000, 835000000, 1000000.00, 1, -11.09, -11.09
2022-08-31, 17:02:08, 835000000, 836000000, 1000000.00, 1, 11.86, 11.86
2022-08-31, 17:02:08, 836000000, 837000000, 1000000.00, 1, -10.03, -10.03
2022-08-31, 17:02:08, 837000000, 838000000, 1000000.00, 1, -12.13, -12.13
2022-08-31, 17:02:08, 838000000, 839000000, 1000000.00, 1, -14.31, -14.31
2022-08-31, 17:02:08, 839000000, 840000000, 1000000.00, 1, -9.99, -9.99
2022-08-31, 17:02:08, 840000000, 841000000, 1000000.00, 1, -12.92, -12.92
2022-08-31, 17:02:08, 841000000, 842000000, 1000000.00, 1, -13.70, -13.70
2022-08-31, 17:02:08, 842000000, 843000000, 1000000.00, 1, -13.47, -13.47
2022-08-31, 17:02:08, 843000000, 844000000, 1000000.00, 1, -13.02, -13.02
2022-08-31, 17:02:08, 844000000, 845000000, 1000000.00, 1, -11.86, -11.86
2022-08-31, 17:02:08, 845000000, 846000000, 1000000.00, 1, -11.44, -11.44
2022-08-31, 17:02:08, 846000000, 847000000, 1000000.00, 1, -12.71, -12.71
2022-08-31, 17:02:08, 847000000, 848000000, 1000000.00, 1, -12.28, -12.28
2022-08-31, 17:02:08, 848000000, 849000000, 1000000.00, 1, -9.23, -9.23
2022-08-31, 17:02:08, 849000000, 850000000, 1000000.00, 1, 6.99, 6.99
2022-08-31, 17:02:08, 850000000, 851000000, 1000000.00, 1, -10.64, -10.64
2022-08-31, 17:02:08, 851000000, 852000000, 1000000.00, 1, -13.08, -13.08
2022-08-31, 17:02:08, 852000000, 853000000, 1000000.00, 1, -13.22, -13.22
2022-08-31, 17:02:08, 853000000, 854000000, 1000000.00, 1, -12.03, -12.03
2022-08-31, 17:02:08, 854000000, 855000000, 1000000.00, 1, -14.02, -14.02
2022-08-31, 17:02:08, 855000000, 856000000, 1000000.00, 1, -14.64, -14.64
2022-08-31, 17:02:08, 856000000, 857000000, 1000000.00, 1, -14.77, -14.77
2022-08-31, 17:02:08, 857000000, 858000000, 1000000.00, 1, -15.02, -15.02
2022-08-31, 17:02:08, 858000000, 859000000, 1000000.00, 1, -14.99, -14.99
2022-08-31, 17:02:08, 859000000, 860000000, 1000000.00, 1, -13.80, -13.80
2022-08-31, 17:02:08, 860000000, 861000000, 1000000.00, 1, -13.46, -13.46
2022-08-31, 17:02:08, 861000000, 862000000, 1000000.00, 1, -13.44, -13.44
2022-08-31, 17:02:08, 862000000, 863000000, 1000000.00, 1, -9.42, -9.42
2022-08-31, 17:02:08, 863000000, 864000000, 1000000.00, 1, -7.07, -7.07
2022-08-31, 17:02:08, 864000000, 865000000, 1000000.00, 1, -7.24, -7.24
2022-08-31, 17:02:08, 865000000, 866000000, 1000000.00, 1, -10.65, -10.65
2022-08-31, 17:02:08, 866000000, 867000000, 1000000.00, 1, -12.99, -12.99
2022-08-31, 17:02:08, 867000000, 868000000, 1000000.00, 1, -13.63, -13.63
2022-08-31, 17:02:08, 868000000, 869000000, 1000000.00, 1, -12.84, -12.84
2022-08-31, 17:02:08, 869000000, 870000000, 1000000.00, 1, -15.61, -15.61
2022-08-31, 17:02:08, 870000000, 871000000, 1000000.00, 1, -13.52, -13.52
2022-08-31, 17:02:08, 871000000, 872000000, 1000000.00, 1, -14.79, -14.79
2022-08-31, 17:02:08, 872000000, 873000000, 1000000.00, 1, -14.81, -14.81
2022-08-31, 17:02:08, 873000000, 874000000, 1000000.00, 1, -13.61, -13.61
2022-08-31, 17:02:08, 874000000, 875000000, 1000000.00, 1, -12.09, -12.09
2022-08-31, 17:02:08, 875000000, 876000000, 1000000.00, 1, -13.98, -13.98
2022-08-31, 17:02:08, 876000000, 877000000, 1000000.00, 1, -12.60, -12.60
2022-08-31, 17:02:08, 877000000, 878000000, 1000000.00, 1, -9.82, -9.82
2022-08-31, 17:02:08, 878000000, 879000000, 1000000.00, 1, 7.29, 7.29
2022-08-31, 17:02:08, 879000000, 880000000, 1000000.00, 1, -11.03, -11.03
2022-08-31, 17:02:08, 880000000, 881000000, 1000000.00, 1, -12.68, -12.68
2022-08-31, 17:02:08, 881000000, 882000000, 1000000.00, 1, -14.57, -14.57
2022-08-31, 17:02:08, 882000000, 883000000, 1000000.00, 1, -12.01, -12.01
2022-08-31, 17:02:08, 883000000, 884000000, 1000000.00, 1, -12.82, -12.82
2022-08-31, 17:02:08, 884000000, 885000000, 1000000.00, 1, -12.81, -12.81
2022-08-31, 17:02:08, 885000000, 886000000, 1000000.00, 1, -12.63, -12.63
2022-08-31, 17:02:08, 886000000, 887000000, 1000000.00, 1, -12.15, -12.15
2022-08-31, 17:02:08, 887000000, 888000000, 1000000.00, 1, -12.09, -12.09
2022-08-31, 17:02:08, 888000000, 889000000, 1000000.00, 1, -10.19, -10.19
2022-08-31, 17:02:08, 889000000, 890000000, 1000000.00, 1, -14.79, -14.79
2022-08-31, 17:02:08, 890000000, 891000000, 1000000.00, 1, -14.16, -14.16
2022-08-31, 17:02:08, 891000000, 892000000, 1000000.00, 1, -10.09, -10.09
2022-08-31, 17:02:08, 892000000, 893000000, 1000000.00, 1, 10.41, 10.41
2022-08-31, 17:02:08, 893000000, 894000000, 1000000.00, 1, -14.13, -14.13
2022-08-31, 17:02:08, 894000000, 895000000, 1000000.00, 1, -14.62, -14.62
2022-08-31, 17:02:08, 895000000, 896000000, 1000000.00, 1, -13.49, -13.49
2022-08-31, 17:02:08, 896000000, 897000000, 1000000.00, 1, -13.68, -13.68
2022-08-31, 17:02:08, 897000000, 898000000, 1000000.00, 1, -15.65, -15.65
2022-08-31, 17:02:08, 898000000, 899000000, 1000000.00, 1, -15.96, -15.96
2022-08-31, 17:02:08, 899000000, 900000000, 1000000.00, 1, -16.14, -16.14
2022-08-31, 17:02:08, 900000000, 901000000, 1000000.00, 1, -16.25, -16.25
2022-08-31, 17:02:08, 901000000, 902000000, 1000000.00, 1, -15.91, -15.91
2022-08-31, 17:02:08, 902000000, 903000000, 1000000.00, 1, -15.55, -15.55
2022-08-31, 17:02:08, 903000000, 904000000, 1000000.00, 1, -12.07, -12.07
2022-08-31, 17:02:08, 904000000, 905000000, 1000000.00, 1, -14.87, -14.87
2022-08-31, 17:02:08, 905000000, 906000000, 1000000.00, 1, -14.05, -14.05
2022-08-31, 17:02:08, 906000000, 907000000, 1000000.00, 1, -13.09, -13.09
2022-08-31, 17:02:08, 907000000, 908000000, 1000000.00, 1, 7.89, 7.89
2022-08-31, 17:02:08, 908000000, 909000000, 1000000.00, 1, -10.15, -10.15
2022-08-31, 17:02:08, 909000000, 910000000, 1000000.00, 1, -12.92, -12.92
2022-08-31, 17:02:08, 910000000, 911000000, 1000000.00, 1, -15.70, -15.70
2022-08-31, 17:02:08, 911000000, 912000000, 1000000.00, 1, -11.32, -11.32
2022-08-31, 17:02:08, 912000000, 913000000, 1000000.00, 1, -15.04, -15.04
2022-08-31, 17:02:08, 913000000, 914000000, 1000000.00, 1, -15.04, -15.04
2022-08-31, 17:02:08, 914000000, 915000000, 1000000.00, 1, -14.60, -14.60
2022-08-31, 17:02:08, 915000000, 916000000, 1000000.00, 1, -14.63, -14.63
2022-08-31, 17:02:08, 916000000, 917000000, 1000000.00, 1, -13.46, -13.46
2022-08-31, 17:02:08, 917000000, 918000000, 1000000.00, 1, -12.82, -12.82
2022-08-31, 17:02:08, 918000000, 919000000, 1000000.00, 1, -14.81, -14.81
2022-08-31, 17:02:08, 919000000, 920000000, 1000000.00, 1, -13.28, -13.28
2022-08-31, 17:02:08, 920000000, 921000000, 1000000.00, 1, -9.24, -9.24
2022-08-31, 17:02:08, 921000000, 922000000, 1000000.00, 1, 9.36, 9.36
2022-08-31, 17:02:08, 922000000, 923000000, 1000000.00, 1, -7.99, -7.99
2022-08-31, 17:02:08, 923000000, 924000000, 1000000.00, 1, -13.34, -13.34
2022-08-31, 17:02:08, 924000000, 925000000, 1000000.00, 1, -13.93, -13.93
2022-08-31, 17:02:08, 925000000, 926000000, 1000000.00, 1, -11.48, -11.48
2022-08-31, 17:02:08, 926000000, 927000000, 1000000.00, 1, -14.01, -14.01
2022-08-31, 17:02:08, 927000000, 928000000, 1000000.00, 1, -15.19, -15.19
2022-08-31, 17:02:08, 928000000, 929000000, 1000000.00, 1, -14.74, -14.74
2022-08-31, 17:02:08, 929000000, 930000000, 1000000.00, 1, -15.37, -15.37
2022-08-31, 17:02:08, 930000000, 931000000, 1000000.00, 1, -15.11, -15.11
2022-08-31, 17:02:08, 931000000, 932000000, 1000000.00, 1, -13.03, -13.03
2022-08-31, 17:02:08, 932000000, 933000000, 1000000.00, 1, -13.25, -13.25
2022-08-31, 17:02:08, 933000000, 934000000, 1000000.00, 1, -13.01, -13.01
2022-08-31, 17:02:08, 934000000, 935000000, 1000000.00, 1, -9.18, -9.18
2022-08-31, 17:02:08, 935000000, 936000000, 1000000.00, 1, 1.71, 1.71
2022-08-31, 17:02:08, 936000000, 937000000, 1000000.00, 1, 1.67, 1.67
2022-08-31, 17:02:08, 937000000, 938000000, 1000000.00, 1, -9.73, -9.73
2022-08-31, 17:02:08, 938000000, 939000000, 1000000.00, 1, -12.89, -12.89
2022-08-31, 17:02:08, 939000000, 940000000, 1000000.00, 1, -14.91, -14.91
2022-08-31, 17:02:08, 940000000, 941000000, 1000000.00, 1, -13.86, -13.86
2022-08-31, 17:02:08, 941000000, 942000000, 1000000.00, 1, -15.98, -15.98
2022-08-31, 17:02:08, 942000000, 943000000, 1000000.00, 1, -16.02, -16.02
2022-08-31, 17:02:08, 943000000, 944000000, 1000000.00, 1, -15.23, -15.23
2022-08-31, 17:02:08, 944000000, 945000000, 1000000.00, 1, -14.88, -14.88
2022-08-31, 17:02:08, 945000000, 946000000, 1000000.00, 1, -13.85, -13.85
2022-08-31, 17:02:08, 946000000, 947000000, 1000000.00, 1, -12.06, -12.06
2022-08-31, 17:02:08, 947000000, 948000000, 1000000.00, 1, -13.48, -13.48
2022-08-31, 17:02:08, 948000000, 949000000, 1000000.00, 1, -13.97, -13.97
2022-08-31, 17:02:08, 949000000, 950000000, 1000000.00, 1, -10.09, -10.09
2022-08-31, 17:02:08, 950000000, 951000000, 1000000.00, 1, 7.79, 7.79
2022-08-31, 17:02:08, 951000000, 952000000, 1000000.00, 1, -10.69, -10.69
2022-08-31, 17:02:08, 952000000, 953000000, 1000000.00, 1, -11.95, -11.95
2022-08-31, 17:02:08, 953000000, 954000000, 1000000.00, 1, -12.56, -12.56
2022-08-31, 17:02:08, 954000000, 955000000, 1000000.00, 1, -9.63, -9.63
2022-08-31, 17:02:08, 955000000, 956000000, 1000000.00, 1, -7.90, -7.90
2022-08-31, 17:02:08, 956000000, 957000000, 1000000.00, 1, -7.55, -7.55
2022-08-31, 17:02:08, 957000000, 958000000, 1000000.00, 1, -6.46, -6.46
2022-08-31, 17:02:08, 958000000, 959000000, 1000000.00, 1, -5.90, -5.90
2022-08-31, 17:02:08, 959000000, 960000000, 1000000.00, 1, -1.56, -1.56
2022-08-31, 17:02:08, 960000000, 961000000, 1000000.00, 1, -1.24, -1.24
2022-08-31, 17:02:08, 961000000, 962000000, 1000000.00, 1, -4.44, -4.44
2022-08-31, 17:02:08, 962000000, 963000000, 1000000.00, 1, -4.08, -4.08
2022-08-31, 17:02:08, 963000000, 964000000, 1000000.00, 1, -3.22, -3.22
2022-08-31, 17:02:08, 964000000, 965000000, 1000000.00, 1, 8.26, 8.26
2022-08-31, 17:02:08, 965000000, 966000000, 1000000.00, 1, -4.89, -4.89
2022-08-31, 17:02:08, 966000000, 967000000, 1000000.00, 1, -4.70, -4.70
2022-08-31, 17:02:08, 967000000, 968000000, 1000000.00, 1, -4.94, -4.94
2022-08-31, 17:02:08, 968000000, 969000000, 1000000.00, 1, -4.04, -4.04
2022-08-31, 17:02:08, 969000000, 970000000, 1000000.00, 1, -7.99, -7.99
2022-08-31, 17:02:08, 970000000, 971000000, 1000000.00, 1, -9.34, -9.34
2022-08-31, 17:02:08, 971000000, 972000000, 1000000.00, 1, -10.49, -10.49
2022-08-31, 17:02:08, 972000000, 973000000, 1000000.00, 1, -10.56, -10.56
2022-08-31, 17:02:08, 973000000, 974000000, 1000000.00, 1, -12.51, -12.51
2022-08-31, 17:02:08, 974000000, 975000000, 1000000.00, 1, -13.44, -13.44
2022-08-31, 17:02:08, 975000000, 976000000, 1000000.00, 1, -11.67, -11.67
2022-08-31, 17:02:08, 976000000, 977000000, 1000000.00, 1, -12.42, -12.42
2022-08-31, 17:02:08, 977000000, 978000000, 1000000.00, 1, -11.13, -11.13
2022-08-31, 17:02:08, 978000000, 979000000, 1000000.00, 1, -11.49, -11.49
2022-08-31, 17:02:08, 979000000, 980000000, 1000000.00, 1, 6.07, 6.07
2022-08-31, 17:02:08, 980000000, 981000000, 1000000.00, 1, -10.25, -10.25
2022-08-31, 17:02:08, 981000000, 982000000, 1000000.00, 1, -12.31, -12.31
2022-08-31, 17:02:08, 982000000, 983000000, 1000000.00, 1, -14.72, -14.72
2022-08-31, 17:02:08, 983000000, 984000000, 1000000.00, 1, -12.30, -12.30
2022-08-31, 17:02:08, 984000000, 985000000, 1000000.00, 1, -16.97, -16.97
2022-08-31, 17:02:08, 985000000, 986000000, 1000000.00, 1, -15.59, -15.59
2022-08-31, 17:02:08, 986000000, 987000000, 1000000.00, 1, -14.86, -14.86
2022-08-31, 17:02:08, 987000000, 988000000, 1000000.00, 1, -14.25, -14.25
2022-08-31, 17:02:08, 988000000, 989000000, 1000000.00, 1, -13.38, -13.38
2022-08-31, 17:02:08, 989000000, 990000000, 1000000.00, 1, -11.72, -11.72
2022-08-31, 17:02:08, 990000000, 991000000, 1000000.00, 1, -15.08, -15.08
2022-08-31, 17:02:08, 991000000, 992000000, 1000000.00, 1, -14.01, -14.01
2022-08-31, 17:02:08, 992000000, 993000000, 1000000.00, 1, -9.77, -9.77
2022-08-31, 17:02:08, 993000000, 994000000, 1000000.00, 1, 7.40, 7.40
2022-08-31, 17:02:08, 994000000, 995000000, 1000000.00, 1, -10.36, -10.36
2022-08-31, 17:02:08, 995000000, 996000000, 1000000.00, 1, -15.39, -15.39
2022-08-31, 17:02:08, 996000000, 997000000, 1000000.00, 1, -15.93, -15.93
2022-08-31, 17:02:08, 997000000, 998000000, 1000000.00, 1, -12.82, -12.82
2022-08-31, 17:02:08, 998000000, 999000000, 1000000.00, 1, -15.47, -15.47
2022-08-31, 17:02:08, 999000000, 1000000000, 1000000.00, 1, -17.04, -17.04
2022-08-31, 17:02:08, 1000000000, 1001000000, 1000000.00, 1, -16.88, -16.88
2022-08-31, 17:02:08, 1001000000, 1002000000, 1000000.00, 1, -17.78, -17.78
2022-08-31, 17:02:08, 1002000000, 1003000000, 1000000.00, 1, -17.23, -17.23
2022-08-31, 17:02:08, 1003000000, 1004000000, 1000000.00, 1, -15.45, -15.45
2022-08-31, 17:02:08, 1004000000, 1005000000, 1000000.00, 1, -15.51, -15.51
2022-08-31, 17:02:08, 1005000000, 1006000000, 1000000.00, 1, -15.70, -15.70
2022-08-31, 17:02:08, 1006000000, 1007000000, 1000000.00, 1, -10.78, -10.78
2022-08-31, 17:02:08, 1007000000, 1008000000, 1000000.00, 1, -4.53, -4.53
2022-08-31, 17:02:08, 1008000000, 1009000000, 1000000.00, 1, -4.62, -4.62
2022-08-31, 17:02:08, 1009000000, 1010000000, 1000000.00, 1, -10.87, -10.87
2022-08-31, 17:02:08, 1010000000, 1011000000, 1000000.00, 1, -14.50, -14.50
2022-08-31, 17:02:08, 1011000000, 1012000000, 1000000.00, 1, -16.13, -16.13
2022-08-31, 17:02:08, 1012000000, 1013000000, 1000000.00, 1, -15.22, -15.22
2022-08-31, 17:02:08, 1013000000, 1014000000, 1000000.00, 1, -17.66, -17.66
2022-08-31, 17:02:08, 1014000000, 1015000000, 1000000.00, 1, -18.36, -18.36
2022-08-31, 17:02:08, 1015000000, 1016000000, 1000000.00, 1, -17.10, -17.10
2022-08-31, 17:02:08, 1016000000, 1017000000, 1000000.00, 1, -17.23, -17.23
2022-08-31, 17:02:08, 1017000000, 1018000000, 1000000.00, 1, -16.09, -16.09
2022-08-31, 17:02:08, 1018000000, 1019000000, 1000000.00, 1, -12.62, -12.62
2022-08-31, 17:02:08, 1019000000, 1020000000, 1000000.00, 1, -16.31, -16.31
2022-08-31, 17:02:08, 1020000000, 1021000000, 1000000.00, 1, -16.42, -16.42
2022-08-31, 17:02:08, 1021000000, 1022000000, 1000000.00, 1, -10.43, -10.43
2022-08-31, 17:02:08, 1022000000, 1023000000, 1000000.00, 1, 6.72, 6.72
2022-08-31, 17:02:08, 1023000000, 1024000000, 1000000.00, 1, -11.22, -11.22
2022-08-31, 17:02:08, 1024000000, 1025000000, 1000000.00, 1, -13.88, -13.88
2022-08-31, 17:02:08, 1025000000, 1026000000, 1000000.00, 1, -18.52, -18.52
2022-08-31, 17:02:08, 1026000000, 1027000000, 1000000.00, 1, -14.06, -14.06
2022-08-31, 17:02:08, 1027000000, 1028000000, 1000000.00, 1, -16.28, -16.28
2022-08-31, 17:02:08, 1028000000, 1029000000, 1000000.00, 1, -16.94, -16.94
2022-08-31, 17:02:08, 1029000000, 1030000000, 1000000.00, 1, -17.92, -17.92
2022-08-31, 17:02:08, 1030000000, 1031000000, 1000000.00, 1, -18.61, -18.61
2022-08-31, 17:02:08, 1031000000, 1032000000, 1000000.00, 1, -19.05, -19.05
2022-08-31, 17:02:08, 1032000000, 1033000000, 1000000.00, 1, -14.14, -14.14
2022-08-31, 17:02:08, 1033000000, 1034000000, 1000000.00, 1, -18.15, -18.15
2022-08-31, 17:02:08, 1034000000, 1035000000, 1000000.00, 1, -16.80, -16.80
2022-08-31, 17:02:08, 1035000000, 1036000000, 1000000.00, 1, -12.68, -12.68
2022-08-31, 17:02:08, 1036000000, 1037000000, 1000000.00, 1, 1.25, 1.25
2022-08-31, 17:02:08, 1037000000, 1038000000, 1000000.00, 1, -16.24, -16.24
2022-08-31, 17:02:08, 1038000000, 1039000000, 1000000.00, 1, -16.74, -16.74
2022-08-31, 17:02:08, 1039000000, 1040000000, 1000000.00, 1, -15.35, -15.35
2022-08-31, 17:02:08, 1040000000, 1041000000, 1000000.00, 1, -15.76, -15.76
2022-08-31, 17:02:08, 1041000000, 1042000000, 1000000.00, 1, -18.18, -18.18
2022-08-31, 17:02:08, 1042000000, 1043000000, 1000000.00, 1, -19.56, -19.56
2022-08-31, 17:02:08, 1043000000, 1044000000, 1000000.00, 1, -19.60, -19.60
2022-08-31, 17:02:08, 1044000000, 1045000000, 1000000.00, 1, -19.81, -19.81
2022-08-31, 17:02:08, 1045000000, 1046000000, 1000000.00, 1, -19.05, -19.05
2022-08-31, 17:02:08, 1046000000, 1047000000, 1000000.00, 1, -18.15, -18.15
2022-08-31, 17:02:08, 1047000000, 1048000000, 1000000.00, 1, -13.72, -13.72
2022-08-31, 17:02:08, 1048000000, 1049000000, 1000000.00, 1, -17.15, -17.15
2022-08-31, 17:02:08, 1049000000, 1050000000, 1000000.00, 1, -15.97, -15.97
2022-08-31, 17:02:08, 1050000000, 1051000000, 1000000.00, 1, -15.28, -15.28
2022-08-31, 17:02:08, 1051000000, 1052000000, 1000000.00, 1, 5.93, 5.93
2022-08-31, 17:02:08, 1052000000, 1053000000, 1000000.00, 1, -12.14, -12.14
2022-08-31, 17:02:08, 1053000000, 1054000000, 1000000.00, 1, -15.36, -15.36
2022-08-31, 17:02:08, 1054000000, 1055000000, 1000000.00, 1, -19.14, -19.14
2022-08-31, 17:02:08, 1055000000, 1056000000, 1000000.00, 1, -14.52, -14.52
2022-08-31, 17:02:08, 1056000000, 1057000000, 1000000.00, 1, -19.44, -19.44
2022-08-31, 17:02:08, 1057000000, 1058000000, 1000000.00, 1, -18.71, -18.71
2022-08-31, 17:02:08, 1058000000, 1059000000, 1000000.00, 1, -17.99, -17.99
2022-08-31, 17:02:08, 1059000000, 1060000000, 1000000.00, 1, -18.74, -18.74
2022-08-31, 17:02:08, 1060000000, 1061000000, 1000000.00, 1, -17.94, -17.94
2022-08-31, 17:02:08, 1061000000, 1062000000, 1000000.00, 1, -16.31, -16.31
2022-08-31, 17:02:08, 1062000000, 1063000000, 1000000.00, 1, -19.23, -19.23
2022-08-31, 17:02:08, 1063000000, 1064000000, 1000000.00, 1, -17.31, -17.31
2022-08-31, 17:02:08, 1064000000, 1065000000, 1000000.00, 1, -12.83, -12.83
2022-08-31, 17:02:08, 1065000000, 1066000000, 1000000.00, 1, 4.34, 4.34
2022-08-31, 17:02:08, 1066000000, 1067000000, 1000000.00, 1, -13.05, -13.05
2022-08-31, 17:02:08, 1067000000, 1068000000, 1000000.00, 1, -17.37, -17.37
2022-08-31, 17:02:08, 1068000000, 1069000000, 1000000.00, 1, -18.45, -18.45
2022-08-31, 17:02:08, 1069000000, 1070000000, 1000000.00, 1, -15.49, -15.49
2022-08-31, 17:02:08, 1070000000, 1071000000, 1000000.00, 1, -18.33, -18.33
2022-08-31, 17:02:08, 1071000000, 1072000000, 1000000.00, 1, -19.41, -19.41
2022-08-31, 17:02:08, 1072000000, 1073000000, 1000000.00, 1, -19.39, -19.39
2022-08-31, 17:02:08, 1073000000, 1074000000, 1000000.00, 1, -20.08, -20.08
2022-08-31, 17:02:08, 1074000000, 1075000000, 1000000.00, 1, -20.32, -20.32
2022-08-31, 17:02:08, 1075000000, 1076000000, 1000000.00, 1, -17.39, -17.39
2022-08-31, 17:02:08, 1076000000, 1077000000, 1000000.00, 1, -17.47, -17.47
2022-08-31, 17:02:08, 1077000000, 1078000000, 1000000.00, 1, -18.06, -18.06
2022-08-31, 17:02:08, 1078000000, 1079000000, 1000000.00, 1, -12.35, -12.35
2022-08-31, 17:02:08, 1079000000, 1080000000, 1000000.00, 1, -2.04, -2.04
2022-08-31, 17:02:08, 1080000000, 1081000000, 1000000.00, 1, -2.05, -2.05
2022-08-31, 17:02:08, 1081000000, 1082000000, 1000000.00, 1, -12.81, -12.81
2022-08-31, 17:02:08, 1082000000, 1083000000, 1000000.00, 1, -16.35, -16.35
2022-08-31, 17:02:08, 1083000000, 1084000000, 1000000.00, 1, -18.32, -18.32
2022-08-31, 17:02:08, 1084000000, 1085000000, 1000000.00, 1, -17.32, -17.32
2022-08-31, 17:02:08, 1085000000, 1086000000, 1000000.00, 1, -20.22, -20.22
2022-08-31, 17:02:08, 1086000000, 1087000000, 1000000.00, 1, -20.50, -20.50
2022-08-31, 17:02:08, 1087000000, 1088000000, 1000000.00, 1, -20.06, -20.06
2022-08-31, 17:02:08, 1088000000, 1089000000, 1000000.00, 1, -20.10, -20.10
2022-08-31, 17:02:08, 1089000000, 1090000000, 1000000.00, 1, -19.65, -19.65
2022-08-31, 17:02:08, 1090000000, 1091000000, 1000000.00, 1, -16.57, -16.57
2022-08-31, 17:02:08, 1091000000, 1092000000, 1000000.00, 1, -20.08, -20.08
2022-08-31, 17:02:08, 1092000000, 1093000000, 1000000.00, 1, -19.15, -19.15
2022-08-31, 17:02:08, 1093000000, 1094000000, 1000000.00, 1, -14.10, -14.10
2022-08-31, 17:02:08, 1094000000, 1095000000, 1000000.00, 1, 4.53, 4.53
2022-08-31, 17:02:08, 1095000000, 1096000000, 1000000.00, 1, -14.67, -14.67
2022-08-31, 17:02:08, 1096000000, 1097000000, 1000000.00, 1, -17.07, -17.07
2022-08-31, 17:02:08, 1097000000, 1098000000, 1000000.00, 1, -20.07, -20.07
2022-08-31, 17:02:08, 1098000000, 1099000000, 1000000.00, 1, -17.26, -17.26
2022-08-31, 17:02:08, 1099000000, 1100000000, 1000000.00, 1, -18.97, -18.97
2022-08-31, 17:02:08, 1100000000, 1101000000, 1000000.00, 1, -20.14, -20.14
2022-08-31, 17:02:08, 1101000000, 1102000000, 1000000.00, 1, -20.01, -20.01
2022-08-31, 17:02:08, 1102000000, 1103000000, 1000000.00, 1, -20.83, -20.83
2022-08-31, 17:02:08, 1103000000, 1104000000, 1000000.00, 1, -20.85, -20.85
2022-08-31, 17:02:08, 1104000000, 1105000000, 1000000.00, 1, -16.45, -16.45
2022-08-31, 17:02:08, 1105000000, 1106000000, 1000000.00, 1, -19.50, -19.50
2022-08-31, 17:02:08, 1106000000, 1107000000, 1000000.00, 1, -18.91, -18.91
2022-08-31, 17:02:08, 1107000000, 1108000000, 1000000.00, 1, -13.63, -13.63
2022-08-31, 17:02:08, 1108000000, 1109000000, 1000000.00, 1, 2.99, 2.99
2022-08-31, 17:02:08, 1109000000, 1110000000, 1000000.00, 1, -17.53, -17.53
2022-08-31, 17:02:08, 1110000000, 1111000000, 1000000.00, 1, -18.42, -18.42
2022-08-31, 17:02:08, 1111000000, 1112000000, 1000000.00, 1, -17.08, -17.08
2022-08-31, 17:02:08, 1112000000, 1113000000, 1000000.00, 1, -16.56, -16.56
2022-08-31, 17:02:08, 1113000000, 1114000000, 1000000.00, 1, -19.81, -19.81
2022-08-31, 17:02:08, 1114000000, 1115000000, 1000000.00, 1, -21.13, -21.13
2022-08-31, 17:02:08, 1115000000, 1116000000, 1000000.00, 1, -21.01, -21.01
2022-08-31, 17:02:08, 1116000000, 1117000000, 1000000.00, 1, -21.58, -21.58
2022-08-31, 17:02:08, 1117000000, 1118000000, 1000000.00, 1, -20.78, -20.78
2022-08-31, 17:02:08, 1118000000, 1119000000, 1000000.00, 1, -20.17, -20.17
2022-08-31, 17:02:08, 1119000000, 1120000000, 1000000.00, 1, -17.00, -17.00
2022-08-31, 17:02:08, 1120000000, 1121000000, 1000000.00, 1, -19.18, -19.18
2022-08-31, 17:02:08, 1121000000, 1122000000, 1000000.00, 1, -18.70, -18.70
2022-08-31, 17:02:08, 1122000000, 1123000000, 1000000.00, 1, -18.47, -18.47
2022-08-31, 17:02:08, 1123000000, 1124000000, 1000000.00, 1, 1.65, 1.65
2022-08-31, 17:02:08, 1124000000, 1125000000, 1000000.00, 1, -15.29, -15.29
2022-08-31, 17:02:08, 1125000000, 1126000000, 1000000.00, 1, -18.04, -18.04
2022-08-31, 17:02:08, 1126000000, 1127000000, 1000000.00, 1, -21.25, -21.25
2022-08-31, 17:02:08, 1127000000, 1128000000, 1000000.00, 1, -17.67, -17.67
2022-08-31, 17:02:08, 1128000000, 1129000000, 1000000.00, 1, -21.31, -21.31
2022-08-31, 17:02:08, 1129000000, 1130000000, 1000000.00, 1, -20.92, -20.92
2022-08-31, 17:02:08, 1130000000, 1131000000, 1000000.00, 1, -20.73, -20.73
2022-08-31, 17:02:08, 1131000000, 1132000000, 1000000.00, 1, -20.91, -20.91
2022-08-31, 17:02:08, 1132000000, 1133000000, 1000000.00, 1, -19.91, -19.91
2022-08-31, 17:02:08, 1133000000, 1134000000, 1000000.00, 1, -17.37, -17.37
2022-08-31, 17:02:08, 1134000000, 1135000000, 1000000.00, 1, -20.87, -20.87
2022-08-31, 17:02:08, 1135000000, 1136000000, 1000000.00, 1, -19.34, -19.34
2022-08-31, 17:02:08, 1136000000, 1137000000, 1000000.00, 1, -14.71, -14.71
2022-08-31, 17:02:08, 1137000000, 1138000000, 1000000.00, 1, 1.37, 1.37
2022-08-31, 17:02:08, 1138000000, 1139000000, 1000000.00, 1, -15.34, -15.34
2022-08-31, 17:02:08, 1139000000, 1140000000, 1000000.00, 1, -19.46, -19.46
2022-08-31, 17:02:08, 1140000000, 1141000000, 1000000.00, 1, -20.44, -20.44
2022-08-31, 17:02:08, 1141000000, 1142000000, 1000000.00, 1, -17.60, -17.60
2022-08-31, 17:02:08, 1142000000, 1143000000, 1000000.00, 1, -20.29, -20.29
2022-08-31, 17:02:08, 1143000000, 1144000000, 1000000.00, 1, -21.44, -21.44
2022-08-31, 17:02:08, 1144000000, 1145000000, 1000000.00, 1, -21.36, -21.36
2022-08-31, 17:02:08, 1145000000, 1146000000, 1000000.00, 1, -21.73, -21.73
2022-08-31, 17:02:08, 1146000000, 1147000000, 1000000.00, 1, -21.82, -21.82
2022-08-31, 17:02:08, 1147000000, 1148000000, 1000000.00, 1, -19.99, -19.99
2022-08-31, 17:02:08, 1148000000, 1149000000, 1000000.00, 1, -19.86, -19.86
2022-08-31, 17:02:08, 1149000000, 1150000000, 1000000.00, 1, -20.00, -20.00
2022-08-31, 17:02:08, 1150000000, 1151000000, 1000000.00, 1, -16.43, -16.43
2022-08-31, 17:02:08, 1151000000, 1152000000, 1000000.00, 1, -9.76, -9.76
2022-08-31, 17:02:08, 1152000000, 1153000000, 1000000.00, 1, -9.67, -9.67
2022-08-31, 17:02:08, 1153000000, 1154000000, 1000000.00, 1, -16.95, -16.95
2022-08-31, 17:02:08, 1154000000, 1155000000, 1000000.00, 1, -19.23, -19.23
2022-08-31, 17:02:08, 1155000000, 1156000000, 1000000.00, 1, -21.09, -21.09
2022-08-31, 17:02:08, 1156000000, 1157000000, 1000000.00, 1, -20.42, -20.42
2022-08-31, 17:02:08, 1157000000, 1158000000, 1000000.00, 1, -21.53, -21.53
2022-08-31, 17:02:08, 1158000000, 1159000000, 1000000.00, 1, -21.80, -21.80
2022-08-31, 17:02:08, 1159000000, 1160000000, 1000000.00, 1, -21.42, -21.42
2022-08-31, 17:02:08, 1160000000, 1161000000, 1000000.00, 1, -21.52, -21.52
2022-08-31, 17:02:08, 1161000000, 1162000000, 1000000.00, 1, -20.72, -20.72
2022-08-31, 17:02:08, 1162000000, 1163000000, 1000000.00, 1, -17.51, -17.51
2022-08-31, 17:02:08, 1163000000, 1164000000, 1000000.00, 1, -21.32, -21.32
2022-08-31, 17:02:08, 1164000000, 1165000000, 1000000.00, 1, -20.85, -20.85
2022-08-31, 17:02:08, 1165000000, 1166000000, 1000000.00, 1, -15.24, -15.24
2022-08-31, 17:02:08, 1166000000, 1167000000, 1000000.00, 1, 0.17, 0.17
2022-08-31, 17:02:08, 1167000000, 1168000000, 1000000.00, 1, -16.16, -16.16
2022-08-31, 17:02:08, 1168000000, 1169000000, 1000000.00, 1, -18.59, -18.59
2022-08-31, 17:02:08, 1169000000, 1170000000, 1000000.00, 1, -21.67, -21.67
2022-08-31, 17:02:08, 1170000000, 1171000000, 1000000.00, 1, -18.51, -18.51
2022-08-31, 17:02:08, 1171000000, 1172000000, 1000000.00, 1, -20.42, -20.42
2022-08-31, 17:02:08, 1172000000, 1173000000, 1000000.00, 1, -21.19, -21.19
2022-08-31, 17:02:08, 1173000000, 1174000000, 1000000.00, 1, -21.17, -21.17
2022-08-31, 17:02:08, 1174000000, 1175000000, 1000000.00, 1, -21.82, -21.82
2022-08-31, 17:02:08, 1175000000, 1176000000, 1000000.00, 1, -21.85, -21.85
2022-08-31, 17:02:08, 1176000000, 1177000000, 1000000.00, 1, -18.24, -18.24
2022-08-31, 17:02:08, 1177000000, 1178000000, 1000000.00, 1, -20.75, -20.75
2022-08-31, 17:02:08, 1178000000, 1179000000, 1000000.00, 1, -20.21, -20.21
2022-08-31, 17:02:08, 1179000000, 1180000000, 1000000.00, 1, -15.95, -15.95
2022-08-31, 17:02:08, 1180000000, 1181000000, 1000000.00, 1, -0.99, -0.99
2022-08-31, 17:02:08, 1181000000, 1182000000, 1000000.00, 1, -19.05, -19.05
2022-08-31, 17:02:08, 1182000000, 1183000000, 1000000.00, 1, -19.54, -19.54
2022-08-31, 17:02:08, 1183000000, 1184000000, 1000000.00, 1, -18.69, -18.69
2022-08-31, 17:02:08, 1184000000, 1185000000, 1000000.00, 1, -18.16, -18.16
2022-08-31, 17:02:08, 1185000000, 1186000000, 1000000.00, 1, -20.95, -20.95
2022-08-31, 17:02:08, 1186000000, 1187000000, 1000000.00, 1, -21.74, -21.74
2022-08-31, 17:02:08, 1187000000, 1188000000, 1000000.00, 1, -21.67, -21.67
2022-08-31, 17:02:08, 1188000000, 1189000000, 1000000.00, 1, -21.97, -21.97
2022-08-31, 17:02:08, 1189000000, 1190000000, 1000000.00, 1, -21.23, -21.23
2022-08-31, 17:02:08, 1190000000, 1191000000, 1000000.00, 1, -20.67, -20.67
2022-08-31, 17:02:08, 1191000000, 1192000000, 1000000.00, 1, -17.76, -17.76
2022-08-31, 17:02:08, 1192000000, 1193000000, 1000000.00, 1, -20.17, -20.17
2022-08-31, 17:02:08, 1193000000, 1194000000, 1000000.00, 1, -19.22, -19.22
2022-08-31, 17:02:08, 1194000000, 1195000000, 1000000.00, 1, -18.64, -18.64
2022-08-31, 17:02:08, 1195000000, 1196000000, 1000000.00, 1, -0.37, -0.37
2022-08-31, 17:02:08, 1196000000, 1197000000, 1000000.00, 1, -16.32, -16.32
2022-08-31, 17:02:08, 1197000000, 1198000000, 1000000.00, 1, -18.48, -18.48
2022-08-31, 17:02:08, 1198000000, 1199000000, 1000000.00, 1, -20.89, -20.89
2022-08-31, 17:02:08, 1199000000, 1200000000, 1000000.00, 1, -17.34, -17.34
